<?xml versión= “1.0” ?>

<curso nombre = "1ºDAM">
    <Profesores>

        <profesor>
            <nombre>Miguel Morales Carmona</nombre>
                <asignaturas>
                  <asignatura>Lenguaje de Marcas</asignatura>
                  <asignatura>Digitalización Aplicada</asignatura>
                </asignaturas>
        </profesor>

        <profesor>
            <nombre>Teo Rojas Mata</nombre>
                <asignaturas>
                 <asignatura>Bases de Datos</asignatura>
                 <asignatura>Entorno de Desarrollo</asignatura>
            </asignaturas>
        </profesor>

        <profesor>
            <nombre>Alejandro Torres Huelva</nombre>
                <asignaturas>
                 <asignatura>Programación</asignatura>
                 <asignatura>Sostenibilidad Aplicada</asignatura>
            </asignaturas>
        </profesor>

    </Profesores>

    <Alumnos>
        <Asistentes nombre "Comparten asignatura">
            <Alumno>
                <nombre>Teresa</nombre>
            </Alumno>
            <Alumno>
                <nombre>Rafa Gamero</nombre>
            </Alumno>
            <Alumno>
                <nombre>Jose</nombre>
            </Alumno>
            <Alumno>
                <nombre>Jonathan</nombre>
            </Alumno>
            <Alumno>
                <nombre>Jamie</nombre>
            </Alumno>
            <Alumno>
                <nombre>Melissa</nombre>
            </Alumno>
            <Alumno>
                <nombre>Carlos</nombre>
            </Alumno>
            <Alumno>
                <nombre>Manuel Rossi</nombre>
            </Alumno>    
            <Alumno>
                <nombre>Manu</nombre>
            </Alumno>
            <Alumno>
                <nombre>Rafa</nombre>
            </Alumno>
        </Asistentes>
         

    </Alumnos>


</curso>